display_level,sector,sector_name,subsector,subsector_name,statefips,countyfips,metrofips,geo_area,Year,naics,naics_title,group_by_sort,sort,females,males
0,0,Total All Industries,,,0,000,00000,United States,2019,000000,,0,0,77907078.7373205,78728601.25534916
0,0,Total All Industries,,,18,000,00000,Indiana,2019,000000,,0,0,1592696.3078995775,1647323.5940994846
0,0,Total All Industries,,,00,000,14020,Bloomington MSA,2019,000000,,0,0,39987.62253163921,36732.80708936004
0,0,Total All Industries,,,00,000,17140,Cincinnati MSA,2019,000000,,0,0,556561.3979355079,560565.3672715458
0,0,Total All Industries,,,00,000,18020,Columbus MSA,2019,000000,,0,0,23586.112293192895,29413.5918501406
0,0,Total All Industries,,,00,000,21140,Elkhart-Goshen MSA,2019,000000,,0,0,56381.24696340132,80381.20946312703
0,0,Total All Industries,,,00,000,21780,Evansville MSA,2019,000000,,0,0,70341.6379400775,70585.82215682308
0,0,Total All Industries,,,00,000,23060,Fort Wayne MSA,2019,000000,,0,0,113093.55087919053,114267.23714108687
0,0,Total All Industries,,,00,000,26900,Indianapolis-Carmel-Greenwood MSA,2019,000000,,0,0,539639.5981418282,533382.8220121142
0,0,Total All Industries,,,00,000,29020,Kokomo MSA,2019,000000,,0,0,19379.14449852865,20696.394351914947
0,0,Total All Industries,,,00,000,29200,Lafayette-West Lafayette MSA,2019,000000,,0,0,51340.1596863198,55144.53502681847
0,0,Total All Industries,,,00,000,31140,Louisville/Jefferson County MSA,2019,000000,,0,0,340465.19357390725,348714.7317160919
0,0,Total All Industries,,,00,000,33140,Michigan City-La Porte MSA,2019,000000,,0,0,21285.493277259036,20829.48428765949
0,0,Total All Industries,,,00,000,34620,Muncie MSA,2019,000000,,0,0,25244.83978801884,23225.059728077253
0,0,Total All Industries,,,00,000,43780,South Bend-Mishawaka MSA,2019,000000,,0,0,75762.12472577146,70324.68393207865
0,0,Total All Industries,,,00,000,45460,Terre Haute MSA,2019,000000,,0,0,34622.27356507821,35016.47036559425
0,0,Total All Industries,,,0,000,00000,United States,2020,000000,,0,0,72946437.32447593,74399191.51063986
0,0,Total All Industries,,,18,000,00000,Indiana,2020,000000,,0,0,1500870.4433345376,1573473.858387488
0,0,Total All Industries,,,00,000,14020,Bloomington MSA,2020,000000,,0,0,37329.36614067041,34430.9565039975
0,0,Total All Industries,,,00,000,17140,Cincinnati MSA,2020,000000,,0,0,520201.2814961192,533398.9653181745
0,0,Total All Industries,,,00,000,18020,Columbus MSA,2020,000000,,0,0,21854.667857228113,27341.826170274435
0,0,Total All Industries,,,00,000,21140,Elkhart-Goshen MSA,2020,000000,,0,0,52535.59858417293,75845.95722258679
0,0,Total All Industries,,,00,000,21780,Evansville MSA,2020,000000,,0,0,66126.86965712589,66883.5674980789
0,0,Total All Industries,,,00,000,23060,Fort Wayne MSA,2020,000000,,0,0,107009.56220911405,109377.52183244543
0,0,Total All Industries,,,00,000,26900,Indianapolis-Carmel-Greenwood MSA,2020,000000,,0,0,511192.3312096528,514657.06058162346
0,0,Total All Industries,,,00,000,29020,Kokomo MSA,2020,000000,,0,0,18107.044536920577,19618.354355345422
0,0,Total All Industries,,,00,000,29200,Lafayette-West Lafayette MSA,2020,000000,,0,0,49103.135919226894,52560.095143105675
0,0,Total All Industries,,,00,000,31140,Louisville/Jefferson County MSA,2020,000000,,0,0,317801.9371481714,334566.2962781414
0,0,Total All Industries,,,00,000,33140,Michigan City-La Porte MSA,2020,000000,,0,0,19704.68955806885,19975.255262322462
0,0,Total All Industries,,,00,000,34620,Muncie MSA,2020,000000,,0,0,24315.528266662634,22071.70558921578
0,0,Total All Industries,,,00,000,43780,South Bend-Mishawaka MSA,2020,000000,,0,0,70640.96544446988,66294.1010065836
0,0,Total All Industries,,,00,000,45460,Terre Haute MSA,2020,000000,,0,0,32566.517420965254,33235.786283818976
0,0,Total All Industries,,,0,000,00000,United States,2021,000000,,0,0,75192901.64535996,76495372.53012973
0,0,Total All Industries,,,18,000,00000,Indiana,2021,000000,,0,0,1548203.0344796241,1612880.658966
0,0,Total All Industries,,,00,000,14020,Bloomington MSA,2021,000000,,0,0,38685.620562123426,34636.99438721572
0,0,Total All Industries,,,00,000,17140,Cincinnati MSA,2021,000000,,0,0,537625.2599225227,548134.4979674569
0,0,Total All Industries,,,00,000,18020,Columbus MSA,2021,000000,,0,0,22161.805040746418,27330.84762657879
0,0,Total All Industries,,,00,000,21140,Elkhart-Goshen MSA,2021,000000,,0,0,56867.17930001901,83901.58118704765
0,0,Total All Industries,,,00,000,21780,Evansville MSA,2021,000000,,0,0,67656.53826569373,67364.57124774907
0,0,Total All Industries,,,00,000,23060,Fort Wayne MSA,2021,000000,,0,0,109963.32071932555,112141.06707399232
0,0,Total All Industries,,,00,000,26900,Indianapolis-Carmel-Greenwood MSA,2021,000000,,0,0,532605.1788463034,528764.5675682534
0,0,Total All Industries,,,00,000,29020,Kokomo MSA,2021,000000,,0,0,17924.28102686863,19007.304502333543
0,0,Total All Industries,,,00,000,29200,Lafayette-West Lafayette MSA,2021,000000,,0,0,51698.62275927609,53491.27014367659
0,0,Total All Industries,,,00,000,31140,Louisville/Jefferson County MSA,2021,000000,,0,0,329337.41128766764,344193.5785963372
0,0,Total All Industries,,,00,000,33140,Michigan City-La Porte MSA,2021,000000,,0,0,20114.42172178194,20160.456570291382
0,0,Total All Industries,,,00,000,34620,Muncie MSA,2021,000000,,0,0,24738.166504646382,21793.797890060072
0,0,Total All Industries,,,00,000,43780,South Bend-Mishawaka MSA,2021,000000,,0,0,70929.11369822368,66255.41052596309
0,0,Total All Industries,,,00,000,45460,Terre Haute MSA,2021,000000,,0,0,33026.17786145142,33117.26024003091
0,0,Total All Industries,,,0,000,00000,United States,2022,000000,,0,0,78554833.10783364,79596194.82954904
0,0,Total All Industries,,,18,000,00000,Indiana,2022,000000,,0,0,1609746.120657589,1661969.7641738716
0,0,Total All Industries,,,00,000,14020,Bloomington MSA,2022,000000,,0,0,42412.97039491653,37441.650661595435
0,0,Total All Industries,,,00,000,17140,Cincinnati MSA,2022,000000,,0,0,554647.4889793328,563274.6293026877
0,0,Total All Industries,,,00,000,18020,Columbus MSA,2022,000000,,0,0,23141.63992675802,28484.328016756608
0,0,Total All Industries,,,00,000,21140,Elkhart-Goshen MSA,2022,000000,,0,0,59111.33082843103,86224.47506652451
0,0,Total All Industries,,,00,000,21780,Evansville MSA,2022,000000,,0,0,69286.89465731476,68792.86025524471
0,0,Total All Industries,,,00,000,23060,Fort Wayne MSA,2022,000000,,0,0,114131.13451656204,116377.23455219445
0,0,Total All Industries,,,00,000,26900,Indianapolis-Carmel-Greenwood MSA,2022,000000,,0,0,559326.6422482379,544420.905168175
0,0,Total All Industries,,,00,000,29020,Kokomo MSA,2022,000000,,0,0,17806.419731982416,18454.93069985131
0,0,Total All Industries,,,00,000,29200,Lafayette-West Lafayette MSA,2022,000000,,0,0,53425.771552027334,55287.89386578036
0,0,Total All Industries,,,00,000,31140,Louisville/Jefferson County MSA,2022,000000,,0,0,340498.8100239465,355537.3870296009
0,0,Total All Industries,,,00,000,33140,Michigan City-La Porte MSA,2022,000000,,0,0,20602.896744049573,20749.610861806294
0,0,Total All Industries,,,00,000,34620,Muncie MSA,2022,000000,,0,0,25331.4832052234,22113.474242916698
0,0,Total All Industries,,,00,000,43780,South Bend-Mishawaka MSA,2022,000000,,0,0,73473.96543364336,67839.47303245503
0,0,Total All Industries,,,00,000,45460,Terre Haute MSA,2022,000000,,0,0,33314.163565360526,34068.418604893806
0,0,Total All Industries,,,0,000,00000,United States,2023,000000,,0,0,80330299.1876066,81010579.49357598
0,0,Total All Industries,,,18,000,00000,Indiana,2023,000000,,0,0,1625618.5835275108,1691579.9411242956
0,0,Total All Industries,,,00,000,14020,Bloomington MSA,2023,000000,,0,0,42165.12828944252,38413.257079393305
0,0,Total All Industries,,,00,000,17140,Cincinnati MSA,2023,000000,,0,0,565330.7035949887,569667.2427184517
0,0,Total All Industries,,,00,000,18020,Columbus MSA,2023,000000,,0,0,23170.744614206884,29082.622700704826
0,0,Total All Industries,,,00,000,21140,Elkhart-Goshen MSA,2023,000000,,0,0,56019.67759799252,79385.3146130407
0,0,Total All Industries,,,00,000,21780,Evansville MSA,2023,000000,,0,0,69632.500820188,69667.02706964116
0,0,Total All Industries,,,00,000,23060,Fort Wayne MSA,2023,000000,,0,0,115282.4760899851,118176.86178618268
0,0,Total All Industries,,,00,000,26900,Indianapolis-Carmel-Greenwood MSA,2023,000000,,0,0,569266.1386356126,559714.7168262602
0,0,Total All Industries,,,00,000,29020,Kokomo MSA,2023,000000,,0,0,17847.027724972708,18882.335963324284
0,0,Total All Industries,,,00,000,29200,Lafayette-West Lafayette MSA,2023,000000,,0,0,54109.3339115533,57760.983799604954
0,0,Total All Industries,,,00,000,31140,Louisville/Jefferson County MSA,2023,000000,,0,0,348389.31528711144,360165.38787409425
0,0,Total All Industries,,,00,000,33140,Michigan City-La Porte MSA,2023,000000,,0,0,20909.885293482155,21573.450377650628
0,0,Total All Industries,,,00,000,34620,Muncie MSA,2023,000000,,0,0,25079.33544771151,22669.423514547983
0,0,Total All Industries,,,00,000,43780,South Bend-Mishawaka MSA,2023,000000,,0,0,74657.47604772588,69907.75559951644
0,0,Total All Industries,,,00,000,45460,Terre Haute MSA,2023,000000,,0,0,33037.29326336843,34701.55999366159
